[{"Declaran acceso_internet_2017":2331247,"ADSL":45.9,"cable_fibra optica":40.5,"otras conexiones":6.2,"conexion movil_dispositivo_mano":79.4,"movil_USB":4.5,"index":"Andalucía","Alguna Dificultad Conc":16.02,"Mucha Dificultad Conc":5.21,"Diabetes":8.25,"Alguna Dificultad Ver":14.64,"Mucha Dificultad Ver":2.8,"Dolor espalda cronico cervical":17.48,"Dolor espalda cronico lumbar":20.17,"Infarto_miocardio":0.65,"Restricc_AVD_Dolor":18.54,"Sobrepeso":37.53,"Migraña":8.9,"Depresion":7.94,"Ansiedad":7.43,"Otros probl Salud_mental":2.57,"Salud_mental: Media":1.92,"Buena Salud":16.7,"Salud Regular":"16.7","Tension: alta":18.97,"Renta_media_hogar":13977,"Tasa_paro":25.5,"Indice_masculinidad":0.97,"Edad_25_59 años":51.06,"Educacion_superior":29.6},{"Declaran acceso_internet_2017":404247,"ADSL":43.8,"cable_fibra optica":50.4,"otras conexiones":5.1,"conexion movil_dispositivo_mano":74.5,"movil_USB":14.1,"index":"Aragón","Alguna Dificultad Conc":19.91,"Mucha Dificultad Conc":3.22,"Diabetes":7.9,"Alguna Dificultad Ver":10.71,"Mucha Dificultad Ver":1.43,"Dolor espalda cronico cervical":11.83,"Dolor espalda cronico lumbar":16.43,"Infarto_miocardio":0.09,"Restricc_AVD_Dolor":12.08,"Sobrepeso":36.8,"Migraña":6.09,"Depresion":5.41,"Ansiedad":4.84,"Otros probl Salud_mental":2.27,"Salud_mental: Media":0.93,"Buena Salud":18.7,"Salud Regular":"18.7","Tension: alta":22.27,"Renta_media_hogar":17672,"Tasa_paro":11.7,"Indice_masculinidad":0.97,"Edad_25_59 años":49.0,"Educacion_superior":36.6},{"Declaran acceso_internet_2017":313007,"ADSL":36.0,"cable_fibra optica":54.1,"otras conexiones":4.5,"conexion movil_dispositivo_mano":71.6,"movil_USB":7.4,"index":"Asturias, Principado de","Alguna Dificultad Conc":14.69,"Mucha Dificultad Conc":4.08,"Diabetes":8.66,"Alguna Dificultad Ver":12.75,"Mucha Dificultad Ver":1.17,"Dolor espalda cronico cervical":30.8,"Dolor espalda cronico lumbar":33.78,"Infarto_miocardio":0.38,"Restricc_AVD_Dolor":13.74,"Sobrepeso":37.44,"Migraña":12.88,"Depresion":13.4,"Ansiedad":14.89,"Otros probl Salud_mental":2.6,"Salud_mental: Media":1.5,"Buena Salud":19.5,"Salud Regular":"19.5","Tension: alta":22.78,"Renta_media_hogar":17343,"Tasa_paro":13.7,"Indice_masculinidad":0.91,"Edad_25_59 años":48.86,"Educacion_superior":41.6},{"Declaran acceso_internet_2017":349297,"ADSL":42.6,"cable_fibra optica":52.2,"otras conexiones":14.3,"conexion movil_dispositivo_mano":81.4,"movil_USB":14.4,"index":"Balears, Illes","Alguna Dificultad Conc":9.48,"Mucha Dificultad Conc":1.09,"Diabetes":4.85,"Alguna Dificultad Ver":5.74,"Mucha Dificultad Ver":0.74,"Dolor espalda cronico cervical":13.54,"Dolor espalda cronico lumbar":16.04,"Infarto_miocardio":0.23,"Restricc_AVD_Dolor":9.61,"Sobrepeso":31.08,"Migraña":7.33,"Depresion":3.88,"Ansiedad":6.56,"Otros probl Salud_mental":0.78,"Salud_mental: Media":1.0,"Buena Salud":17.4,"Salud Regular":"17.4","Tension: alta":11.36,"Renta_media_hogar":19554,"Tasa_paro":12.4,"Indice_masculinidad":0.99,"Edad_25_59 años":53.87,"Educacion_superior":31.2},{"Declaran acceso_internet_2017":613034,"ADSL":46.0,"cable_fibra optica":43.2,"otras conexiones":4.8,"conexion movil_dispositivo_mano":82.2,"movil_USB":4.8,"index":"Canarias","Alguna Dificultad Conc":17.24,"Mucha Dificultad Conc":2.16,"Diabetes":10.99,"Alguna Dificultad Ver":11.29,"Mucha Dificultad Ver":0.89,"Dolor espalda cronico cervical":12.16,"Dolor espalda cronico lumbar":15.31,"Infarto_miocardio":0.49,"Restricc_AVD_Dolor":14.9,"Sobrepeso":37.2,"Migraña":5.71,"Depresion":5.57,"Ansiedad":6.78,"Otros probl Salud_mental":1.66,"Salud_mental: Media":1.09,"Buena Salud":25.2,"Salud Regular":"25.2","Tension: alta":18.72,"Renta_media_hogar":13546,"Tasa_paro":23.5,"Indice_masculinidad":0.98,"Edad_25_59 años":54.7,"Educacion_superior":29.6},{"Declaran acceso_internet_2017":181320,"ADSL":43.7,"cable_fibra optica":48.4,"otras conexiones":4.6,"conexion movil_dispositivo_mano":71.7,"movil_USB":10.4,"index":"Cantabria","Alguna Dificultad Conc":5.78,"Mucha Dificultad Conc":2.4,"Diabetes":5.95,"Alguna Dificultad Ver":10.39,"Mucha Dificultad Ver":1.44,"Dolor espalda cronico cervical":8.15,"Dolor espalda cronico lumbar":14.49,"Infarto_miocardio":0.89,"Restricc_AVD_Dolor":4.89,"Sobrepeso":36.24,"Migraña":4.33,"Depresion":7.83,"Ansiedad":8.27,"Otros probl Salud_mental":2.45,"Salud_mental: Media":0.91,"Buena Salud":11.8,"Salud Regular":"11.8","Tension: alta":22.91,"Renta_media_hogar":16400,"Tasa_paro":13.6,"Indice_masculinidad":0.94,"Edad_25_59 años":49.9,"Educacion_superior":40.4},{"Declaran acceso_internet_2017":672259,"ADSL":43.4,"cable_fibra optica":44.8,"otras conexiones":6.3,"conexion movil_dispositivo_mano":77.3,"movil_USB":6.8,"index":"Castilla y León","Alguna Dificultad Conc":20.65,"Mucha Dificultad Conc":2.51,"Diabetes":7.42,"Alguna Dificultad Ver":12.66,"Mucha Dificultad Ver":1.2,"Dolor espalda cronico cervical":15.91,"Dolor espalda cronico lumbar":16.01,"Infarto_miocardio":0.95,"Restricc_AVD_Dolor":14.22,"Sobrepeso":39.16,"Migraña":10.47,"Depresion":6.27,"Ansiedad":6.23,"Otros probl Salud_mental":1.87,"Salud_mental: Media":1.35,"Buena Salud":20.7,"Salud Regular":"20.7","Tension: alta":20.08,"Renta_media_hogar":14305,"Tasa_paro":20.8,"Indice_masculinidad":0.97,"Edad_25_59 años":47.78,"Educacion_superior":27.6},{"Declaran acceso_internet_2017":557987,"ADSL":48.3,"cable_fibra optica":35.4,"otras conexiones":7.1,"conexion movil_dispositivo_mano":80.5,"movil_USB":4.5,"index":"Castilla-La Mancha","Alguna Dificultad Conc":22.02,"Mucha Dificultad Conc":3.67,"Diabetes":7.53,"Alguna Dificultad Ver":14.64,"Mucha Dificultad Ver":2.09,"Dolor espalda cronico cervical":9.14,"Dolor espalda cronico lumbar":16.56,"Infarto_miocardio":0.83,"Restricc_AVD_Dolor":19.11,"Sobrepeso":34.74,"Migraña":14.58,"Depresion":7.05,"Ansiedad":6.15,"Otros probl Salud_mental":1.22,"Salud_mental: Media":1.06,"Buena Salud":21.7,"Salud Regular":"21.7","Tension: alta":22.69,"Renta_media_hogar":17264,"Tasa_paro":14.1,"Indice_masculinidad":1.0,"Edad_25_59 años":50.22,"Educacion_superior":35.3},{"Declaran acceso_internet_2017":2150128,"ADSL":44.0,"cable_fibra optica":51.5,"otras conexiones":15.3,"conexion movil_dispositivo_mano":75.0,"movil_USB":9.6,"index":"Cataluña","Alguna Dificultad Conc":15.54,"Mucha Dificultad Conc":4.79,"Diabetes":7.01,"Alguna Dificultad Ver":10.78,"Mucha Dificultad Ver":1.17,"Dolor espalda cronico cervical":17.07,"Dolor espalda cronico lumbar":20.97,"Infarto_miocardio":0.59,"Restricc_AVD_Dolor":14.03,"Sobrepeso":36.66,"Migraña":7.28,"Depresion":5.74,"Ansiedad":6.67,"Otros probl Salud_mental":2.25,"Salud_mental: Media":1.21,"Buena Salud":17.8,"Salud Regular":"17.8","Tension: alta":19.28,"Renta_media_hogar":19791,"Tasa_paro":13.4,"Indice_masculinidad":0.96,"Edad_25_59 años":50.42,"Educacion_superior":39.3},{"Declaran acceso_internet_2017":18649,"ADSL":41.1,"cable_fibra optica":55.4,"otras conexiones":3.1,"conexion movil_dispositivo_mano":82.5,"movil_USB":6.2,"index":"Ceuta","Alguna Dificultad Conc":11.26,"Mucha Dificultad Conc":3.4,"Diabetes":7.91,"Alguna Dificultad Ver":1.01,"Mucha Dificultad Ver":0.17,"Dolor espalda cronico cervical":9.94,"Dolor espalda cronico lumbar":12.69,"Infarto_miocardio":1.81,"Restricc_AVD_Dolor":23.28,"Sobrepeso":41.41,"Migraña":12.5,"Depresion":4.43,"Ansiedad":4.03,"Otros probl Salud_mental":1.58,"Salud_mental: Media":0.68,"Buena Salud":15.5,"Salud Regular":"15.5","Tension: alta":23.45,"Renta_media_hogar":14991,"Tasa_paro":22.5,"Indice_masculinidad":1.03,"Edad_25_59 años":49.97,"Educacion_superior":25.2},{"Declaran acceso_internet_2017":1444512,"ADSL":40.0,"cable_fibra optica":46.9,"otras conexiones":6.6,"conexion movil_dispositivo_mano":71.7,"movil_USB":7.5,"index":"Comunitat Valenciana","Alguna Dificultad Conc":11.89,"Mucha Dificultad Conc":2.49,"Diabetes":8.02,"Alguna Dificultad Ver":9.62,"Mucha Dificultad Ver":1.8,"Dolor espalda cronico cervical":10.18,"Dolor espalda cronico lumbar":15.14,"Infarto_miocardio":0.91,"Restricc_AVD_Dolor":13.8,"Sobrepeso":36.16,"Migraña":5.2,"Depresion":5.55,"Ansiedad":7.0,"Otros probl Salud_mental":1.76,"Salud_mental: Media":1.58,"Buena Salud":21.6,"Salud Regular":"21.6","Tension: alta":19.81,"Renta_media_hogar":15038,"Tasa_paro":18.2,"Indice_masculinidad":0.97,"Edad_25_59 años":50.4,"Educacion_superior":33.3},{"Declaran acceso_internet_2017":289925,"ADSL":51.2,"cable_fibra optica":28.6,"otras conexiones":5.2,"conexion movil_dispositivo_mano":81.2,"movil_USB":6.1,"index":"Extremadura","Alguna Dificultad Conc":15.63,"Mucha Dificultad Conc":3.93,"Diabetes":9.19,"Alguna Dificultad Ver":8.7,"Mucha Dificultad Ver":2.13,"Dolor espalda cronico cervical":12.97,"Dolor espalda cronico lumbar":16.88,"Infarto_miocardio":0.29,"Restricc_AVD_Dolor":6.57,"Sobrepeso":38.12,"Migraña":6.09,"Depresion":5.72,"Ansiedad":6.34,"Otros probl Salud_mental":1.94,"Salud_mental: Media":0.59,"Buena Salud":19.6,"Salud Regular":"19.6","Tension: alta":20.53,"Renta_media_hogar":12376,"Tasa_paro":26.2,"Indice_masculinidad":0.98,"Edad_25_59 años":49.68,"Educacion_superior":26.5},{"Declaran acceso_internet_2017":747846,"ADSL":45.6,"cable_fibra optica":41.6,"otras conexiones":6.0,"conexion movil_dispositivo_mano":75.0,"movil_USB":7.4,"index":"Galicia","Alguna Dificultad Conc":16.57,"Mucha Dificultad Conc":1.87,"Diabetes":9.12,"Alguna Dificultad Ver":10.55,"Mucha Dificultad Ver":0.78,"Dolor espalda cronico cervical":19.5,"Dolor espalda cronico lumbar":27.63,"Infarto_miocardio":1.08,"Restricc_AVD_Dolor":5.68,"Sobrepeso":41.4,"Migraña":14.37,"Depresion":12.93,"Ansiedad":10.35,"Otros probl Salud_mental":2.77,"Salud_mental: Media":0.73,"Buena Salud":28.6,"Salud Regular":"28.6","Tension: alta":24.24,"Renta_media_hogar":16758,"Tasa_paro":15.7,"Indice_masculinidad":0.93,"Edad_25_59 años":48.64,"Educacion_superior":36.5},{"Declaran acceso_internet_2017":2051858,"ADSL":32.6,"cable_fibra optica":68.9,"otras conexiones":3.3,"conexion movil_dispositivo_mano":73.2,"movil_USB":7.6,"index":"Madrid, Comunidad de","Alguna Dificultad Conc":12.22,"Mucha Dificultad Conc":2.47,"Diabetes":7.39,"Alguna Dificultad Ver":12.25,"Mucha Dificultad Ver":2.05,"Dolor espalda cronico cervical":11.4,"Dolor espalda cronico lumbar":14.85,"Infarto_miocardio":0.72,"Restricc_AVD_Dolor":17.58,"Sobrepeso":35.15,"Migraña":8.06,"Depresion":4.72,"Ansiedad":4.03,"Otros probl Salud_mental":1.83,"Salud_mental: Media":1.21,"Buena Salud":15.3,"Salud Regular":"15.3","Tension: alta":18.73,"Renta_media_hogar":19648,"Tasa_paro":13.3,"Indice_masculinidad":0.92,"Edad_25_59 años":51.83,"Educacion_superior":47.0},{"Declaran acceso_internet_2017":22202,"ADSL":30.4,"cable_fibra optica":65.3,"otras conexiones":7.1,"conexion movil_dispositivo_mano":64.9,"movil_USB":5.5,"index":"Melilla","Alguna Dificultad Conc":11.39,"Mucha Dificultad Conc":1.76,"Diabetes":8.97,"Alguna Dificultad Ver":11.13,"Mucha Dificultad Ver":1.65,"Dolor espalda cronico cervical":6.7,"Dolor espalda cronico lumbar":8.08,"Infarto_miocardio":0.09,"Restricc_AVD_Dolor":15.47,"Sobrepeso":40.54,"Migraña":4.41,"Depresion":5.25,"Ansiedad":3.58,"Otros probl Salud_mental":0.0,"Salud_mental: Media":1.99,"Buena Salud":8.7,"Salud Regular":"8.7","Tension: alta":13.91,"Renta_media_hogar":19500,"Tasa_paro":27.6,"Indice_masculinidad":1.03,"Edad_25_59 años":48.41,"Educacion_superior":28.6},{"Declaran acceso_internet_2017":411368,"ADSL":33.9,"cable_fibra optica":43.0,"otras conexiones":7.9,"conexion movil_dispositivo_mano":82.4,"movil_USB":7.1,"index":"Murcia, Región de","Alguna Dificultad Conc":21.65,"Mucha Dificultad Conc":5.45,"Diabetes":7.28,"Alguna Dificultad Ver":12.14,"Mucha Dificultad Ver":1.52,"Dolor espalda cronico cervical":9.94,"Dolor espalda cronico lumbar":11.04,"Infarto_miocardio":0.8,"Restricc_AVD_Dolor":7.98,"Sobrepeso":44.98,"Migraña":7.68,"Depresion":6.14,"Ansiedad":6.34,"Otros probl Salud_mental":1.84,"Salud_mental: Media":2.24,"Buena Salud":23.5,"Salud Regular":"23.5","Tension: alta":19.82,"Renta_media_hogar":14041,"Tasa_paro":18.0,"Indice_masculinidad":1.0,"Edad_25_59 años":51.13,"Educacion_superior":29.9},{"Declaran acceso_internet_2017":195426,"ADSL":49.7,"cable_fibra optica":43.7,"otras conexiones":17.9,"conexion movil_dispositivo_mano":70.8,"movil_USB":20.3,"index":"Navarra, Comunidad Foral de","Alguna Dificultad Conc":14.53,"Mucha Dificultad Conc":4.88,"Diabetes":7.52,"Alguna Dificultad Ver":10.92,"Mucha Dificultad Ver":1.65,"Dolor espalda cronico cervical":13.86,"Dolor espalda cronico lumbar":17.64,"Infarto_miocardio":0.77,"Restricc_AVD_Dolor":14.35,"Sobrepeso":35.56,"Migraña":9.71,"Depresion":6.98,"Ansiedad":6.72,"Otros probl Salud_mental":2.29,"Salud_mental: Media":1.56,"Buena Salud":15.7,"Salud Regular":"15.7","Tension: alta":20.94,"Renta_media_hogar":20094,"Tasa_paro":10.2,"Indice_masculinidad":0.98,"Edad_25_59 años":48.97,"Educacion_superior":45.5},{"Declaran acceso_internet_2017":692850,"ADSL":34.8,"cable_fibra optica":56.9,"otras conexiones":4.1,"conexion movil_dispositivo_mano":75.2,"movil_USB":7.6,"index":"País Vasco","Alguna Dificultad Conc":10.57,"Mucha Dificultad Conc":3.26,"Diabetes":6.86,"Alguna Dificultad Ver":7.85,"Mucha Dificultad Ver":2.26,"Dolor espalda cronico cervical":14.85,"Dolor espalda cronico lumbar":20.65,"Infarto_miocardio":0.72,"Restricc_AVD_Dolor":16.36,"Sobrepeso":35.91,"Migraña":9.85,"Depresion":6.08,"Ansiedad":6.03,"Otros probl Salud_mental":2.07,"Salud_mental: Media":1.37,"Buena Salud":18.8,"Salud Regular":"18.8","Tension: alta":20.82,"Renta_media_hogar":21760,"Tasa_paro":11.3,"Indice_masculinidad":0.95,"Edad_25_59 años":48.92,"Educacion_superior":49.7},{"Declaran acceso_internet_2017":88833,"ADSL":42.4,"cable_fibra optica":46.0,"otras conexiones":5.9,"conexion movil_dispositivo_mano":75.4,"movil_USB":6.1,"index":"Rioja, La","Alguna Dificultad Conc":18.08,"Mucha Dificultad Conc":1.16,"Diabetes":5.41,"Alguna Dificultad Ver":8.09,"Mucha Dificultad Ver":1.26,"Dolor espalda cronico cervical":10.93,"Dolor espalda cronico lumbar":18.76,"Infarto_miocardio":0.14,"Restricc_AVD_Dolor":10.84,"Sobrepeso":37.51,"Migraña":10.45,"Depresion":5.27,"Ansiedad":3.56,"Otros probl Salud_mental":1.78,"Salud_mental: Media":0.9,"Buena Salud":17.0,"Salud Regular":"17","Tension: alta":17.18,"Renta_media_hogar":17490,"Tasa_paro":12.0,"Indice_masculinidad":0.97,"Edad_25_59 años":49.3,"Educacion_superior":37.9},{"Declaran acceso_internet_2017":13535995,"ADSL":41.7,"cable_fibra optica":49.3,"otras conexiones":7.4,"conexion movil_dispositivo_mano":76.1,"movil_USB":7.6,"index":"Total nacional","Alguna Dificultad Conc":15.27,"Mucha Dificultad Conc":3.52,"Diabetes":7.8,"Alguna Dificultad Ver":11.57,"Mucha Dificultad Ver":1.75,"Dolor espalda cronico cervical":14.57,"Dolor espalda cronico lumbar":18.5,"Infarto_miocardio":0.69,"Restricc_AVD_Dolor":14.56,"Sobrepeso":37.07,"Migraña":8.52,"Depresion":6.68,"Ansiedad":6.74,"Otros probl Salud_mental":2.08,"Salud_mental: Media":1.36,"Buena Salud":19.2,"Salud Regular":"19.2","Tension: alta":19.81,"Renta_media_hogar":16937,"Tasa_paro":17.2,"Indice_masculinidad":0.96,"Edad_25_59 años":50.58,"Educacion_superior":36.4}]